[
  {"User": "Admin", "Name": "Ivan Ivanovich", "Group": ["Admin", "Worker"], "Department": "Programmer"},
  {"User": "Work", "Name": "Alexandr Alexandrovich", "Group": "Worker", "Department": "Driver"},
  {"User": "Manager", "Name": "Elena Petrovna", "Group": ["Manager"], "Department": "HR"},
  {"User": "Dev", "Name": "Sergey Ivanov", "Group": ["Worker", "Developer"], "Department": "IT"},
  {"User": "Support", "Name": "Olga Sidorova", "Group": "Worker", "Department": "Support"},
  {"User": "QA", "Name": "Dmitry Fedorov", "Group": ["Worker", "QA"], "Department": "Testing"},
  {"User": "Sales", "Name": "Marina Kuznetsova", "Group": "Worker", "Department": "Sales"},
  {"User": "Logistics", "Name": "Nikolay Romanov", "Group": ["Worker", "Logistics"], "Department": "Warehouse"},
  {"User": "Consultant", "Name": "Anna Volnova", "Group": ["Worker", "Consultant"], "Department": "Consulting"},
  {"User": "Executive", "Name": "Victor Pavlov", "Group": "Manager", "Department": "Executive"}
]
  